{"cameraMode":{"drawMode":0,"name":"Shaded","section":"Shading Mode"},"sceneLighting":false,"audioPlay":false,"sceneViewState":{"m_AlwaysRefresh":false,"showFog":true,"showSkybox":false,"showFlares":true,"showImageEffects":true,"showParticleSystems":true,"showVisualEffectGraphs":true,"m_FxEnabled":true},"in2DMode":false,"pivot":{"x":-0.36781948804855349,"y":0.6462048292160034,"z":-1.8061103820800782},"rotation":{"x":0.1315925568342209,"y":0.20802041888237,"z":-0.028250209987163545,"w":0.9688316583633423},"size":0.32979685068130495,"orthographic":false}