{"cameraMode":{"drawMode":0,"name":"Shaded","section":"Shading Mode"},"sceneLighting":true,"audioPlay":false,"sceneViewState":{"m_AlwaysRefresh":false,"showFog":true,"showSkybox":true,"showFlares":true,"showImageEffects":true,"showParticleSystems":true,"showVisualEffectGraphs":true,"m_FxEnabled":true},"in2DMode":false,"pivot":{"x":1017.8552856445313,"y":566.1958618164063,"z":843.0074462890625},"rotation":{"x":-0.030283117666840555,"y":0.03806982934474945,"z":-0.0011541859712451697,"w":-0.9988172054290772},"size":935.7156372070313,"orthographic":false}