{"cameraMode":{"drawMode":0,"name":"Shaded","section":"Shading Mode"},"sceneLighting":true,"audioPlay":false,"sceneViewState":{"m_AlwaysRefresh":false,"showFog":true,"showSkybox":true,"showFlares":true,"showImageEffects":true,"showParticleSystems":true,"showVisualEffectGraphs":true,"m_FxEnabled":true},"in2DMode":false,"pivot":{"x":953.3862915039063,"y":286.5030517578125,"z":186.4490203857422},"rotation":{"x":0.05995578691363335,"y":0.01646951213479042,"z":-0.0009893720271065832,"w":0.9980648756027222},"size":350.429443359375,"orthographic":false}